<?xml version="1.0" encoding="UTF-8"?>
<project-private xmlns="http://www.netbeans.org/ns/project-private/1">
    <editor-bookmarks xmlns="http://www.netbeans.org/ns/editor-bookmarks/2" lastBookmarkId="0"/>
    <open-files xmlns="http://www.netbeans.org/ns/projectui-open-files/2">
        <group>
            <file>file:/C:/Users/aroberts/Documents/Products/Blue%20Planet/Hackathon/bpdemo/js/create.js</file>
            <file>file:/C:/Users/aroberts/Documents/Products/Blue%20Planet/Hackathon/bpdemo/css/bpdemo.css</file>
            <file>file:/C:/Users/aroberts/Documents/Products/Blue%20Planet/Hackathon/bpdemo/create.php</file>
            <file>file:/C:/Users/aroberts/Documents/Products/Blue%20Planet/Hackathon/bpdemo/js/logs.js</file>
            <file>file:/C:/Users/aroberts/Documents/Products/Blue%20Planet/Hackathon/bpdemo/To%20do</file>
        </group>
    </open-files>
</project-private>
